Date,Not indexed,Indexed,Impressions
2026-07-09,,,1
2026-07-10,3,5,0
2026-07-11,4,5,0
2026-07-12,4,5,0
2026-07-13,4,5,0
2026-07-14,4,5,0
2026-07-15,4,5,0
2026-07-16,4,5,2
2026-07-17,4,5,1
2026-07-18,4,5,1
2026-07-19,4,5,5
2026-07-20,4,5,0
2026-07-21,4,5,1
2026-07-22,4,5,2
2026-07-23,4,5,1
2026-07-24,4,5,1
2026-07-25,4,5,0
2026-07-26,4,5,2
2026-07-27,4,5,0
2026-07-28,4,5,2
2026-07-29,4,5,4
2026-07-30,4,5,0
2026-07-31,4,5,1
2026-08-01,4,5,2
2026-08-02,4,5,3
2026-08-03,4,5,1
2026-08-04,4,5,0
2026-08-05,4,5,1
2026-08-06,4,5,0
2026-08-07,4,5,0
2026-08-08,4,5,1
2026-08-09,4,5,0
2026-08-10,4,5,0
2026-08-11,4,5,1
2026-08-12,4,5,0
2026-08-13,4,5,2
2026-08-14,4,5,1
2026-08-15,4,5,0
2026-08-16,4,5,4
2026-08-17,4,5,0
2026-08-18,4,5,1
2026-08-19,4,5,8
2026-08-20,4,5,1
2026-08-21,4,5,3
2026-08-22,4,5,0
2026-08-23,4,5,0
2026-08-24,4,5,1
2026-08-25,4,5,2
2026-08-26,4,5,1
2026-08-27,4,5,1
2026-08-28,4,5,1
2026-08-29,5,4,0
2026-08-30,5,4,4
2026-08-31,5,4,0
2026-09-01,5,4,2
2026-09-02,5,4,3
2026-09-03,5,4,1
2026-09-04,5,4,0
2026-09-05,6,4,0
2026-09-06,6,4,0
2026-09-07,6,4,0
2026-09-08,6,4,0
2026-09-09,6,4,1
2026-09-10,6,4,1
2026-09-11,6,4,0
2026-09-12,6,4,3
2026-09-13,6,4,5
2026-09-14,6,4,1
2026-09-15,38,90,2
2026-09-16,38,90,1
2026-09-17,38,90,1
2026-09-18,38,90,3
2026-09-19,42,87,19
2026-09-20,42,87,38
2026-09-21,42,87,41
2026-09-22,161,135,52
2026-09-23,161,135,47
2026-09-24,161,135,42
2026-09-25,161,135,55
2026-09-26,161,135,42
2026-09-27,161,135,50
2026-09-28,161,135,76
2026-09-29,161,135,112
2026-09-30,161,135,87
2026-10-01,161,135,93
2026-10-02,161,135,82
2026-10-03,161,135,103
2026-10-04,161,135,89